1,kalaivani,ierpwiot,kalaivani,mohanraj
2,stefan,ndsjfh,stefan,salvatore
3,DaMon,dnjfdks,Damon,salvatore
4,edward,xcjudihf,Edward,cullen
5,Noah,fheyhfbd,Noah,Landon
6,Hardin,bchsj,Hardin,Kirby
7,Hope,nndjf,Hope,Mikelson
8,Hayley,ruiedhnsf,Hayley,Marshall
9,Caroline,xcbxhdhc,Caroline,Forbes
10,Elena,bcdsdsh,Elena,Gilbert
